Workbook

Sheet Kategori
A1: Daftar Kategori
A2: Gaji
A3: Bonus
A4: Makan
A5: Transport
A6: Belanja
A7: Tagihan
A8: Nongkrong
A9: Hiburan
A10: pulsa/kuota
A11: Tabungan
A12: Lainnya

Sheet Januari
A1: Tanggal | B1: Jenis | C1: Kategori | D1: Deskripsi | E1: Nominal | F1: Saldo Berjalan
F2: =IF(B2="Masuk",E2,-E2) -> 0 | H2: SUMMARY
F3: =IF(B3="","",F2+IF(B3="Masuk",E3,-E3)) | H3: Total Pemasukan | I3: =SUMIF(B2:B201,"Masuk",E2:E201) -> 0
F4: =IF(B4="","",F3+IF(B4="Masuk",E4,-E4)) | H4: Total Pengeluaran | I4: =SUMIF(B2:B201,"Keluar",E2:E201) -> 0
F5: =IF(B5="","",F4+IF(B5="Masuk",E5,-E5)) | H5: Saldo Bulanan | I5: =I3-I4 -> 0
F6: =IF(B6="","",F5+IF(B6="Masuk",E6,-E6))
F7: =IF(B7="","",F6+IF(B7="Masuk",E7,-E7)) | H7: Pengeluaran Terbesar | I7: =_xlfn.MAXIFS(E2:E201,B2:B201,"Keluar") -> 0
F8: =IF(B8="","",F7+IF(B8="Masuk",E8,-E8)) | H8: Kategori Terboros | I8: =INDEX(C2:C201,MATCH(_xlfn.MAXIFS(E2:E201,B2:B201,"Keluar"),E2:E201,0)) -> #N/A
F9: =IF(B9="","",F8+IF(B9="Masuk",E9,-E9))
F10: =IF(B10="","",F9+IF(B10="Masuk",E10,-E10))
F11: =IF(B11="","",F10+IF(B11="Masuk",E11,-E11))
F12: =IF(B12="","",F11+IF(B12="Masuk",E12,-E12))
F13: =IF(B13="","",F12+IF(B13="Masuk",E13,-E13))
F14: =IF(B14="","",F13+IF(B14="Masuk",E14,-E14))
F15: =IF(B15="","",F14+IF(B15="Masuk",E15,-E15))
F16: =IF(B16="","",F15+IF(B16="Masuk",E16,-E16))
F17: =IF(B17="","",F16+IF(B17="Masuk",E17,-E17))
F18: =IF(B18="","",F17+IF(B18="Masuk",E18,-E18))
F19: =IF(B19="","",F18+IF(B19="Masuk",E19,-E19))
F20: =IF(B20="","",F19+IF(B20="Masuk",E20,-E20))
... F201: =IF(B201="","",F200+IF(B201="Masuk",E201,-E201))

Sheet Februari
A1: Tanggal | B1: Jenis | C1: Kategori | D1: Deskripsi | E1: Nominal | F1: Saldo Berjalan
H2: SUMMARY
F3: =IF(B3="","",F2+IF(B3="Masuk",E3,-E3)) | H3: Total Pemasukan | I3: =SUMIF(B2:B201,"Masuk",E2:E201) -> 0
F4: =IF(B4="","",F3+IF(B4="Masuk",E4,-E4)) | H4: Total Pengeluaran | I4: =SUMIF(B2:B201,"Keluar",E2:E201) -> 0
F5: =IF(B5="","",F4+IF(B5="Masuk",E5,-E5)) | H5: Saldo Bulanan | I5: =I3-I4 -> 0
F6: =IF(B6="","",F5+IF(B6="Masuk",E6,-E6))
F7: =IF(B7="","",F6+IF(B7="Masuk",E7,-E7)) | H7: Pengeluaran Terbesar | I7: =_xlfn.MAXIFS(E2:E201,B2:B201,"Keluar") -> 0
F8: =IF(B8="","",F7+IF(B8="Masuk",E8,-E8)) | H8: Kategori Terboros | I8: =INDEX(C2:C201,MATCH(_xlfn.MAXIFS(E2:E201,B2:B201,"Keluar"),E2:E201,0)) -> #N/A
F9: =IF(B9="","",F8+IF(B9="Masuk",E9,-E9))
F10: =IF(B10="","",F9+IF(B10="Masuk",E10,-E10))
F11: =IF(B11="","",F10+IF(B11="Masuk",E11,-E11))
F12: =IF(B12="","",F11+IF(B12="Masuk",E12,-E12))
F13: =IF(B13="","",F12+IF(B13="Masuk",E13,-E13))
F14: =IF(B14="","",F13+IF(B14="Masuk",E14,-E14))
F15: =IF(B15="","",F14+IF(B15="Masuk",E15,-E15))
F16: =IF(B16="","",F15+IF(B16="Masuk",E16,-E16))
F17: =IF(B17="","",F16+IF(B17="Masuk",E17,-E17))
F18: =IF(B18="","",F17+IF(B18="Masuk",E18,-E18))
F19: =IF(B19="","",F18+IF(B19="Masuk",E19,-E19))
F20: =IF(B20="","",F19+IF(B20="Masuk",E20,-E20))
... F31: =IF(B31="","",F30+IF(B31="Masuk",E31,-E31))

Sheet Maret
A1: Tanggal | B1: Jenis | C1: Kategori | D1: Deskripsi | E1: Nominal | F1: Saldo Berjalan
F2: =IF(B2="Masuk",E2,-E2) -> 0 | H2: SUMMARY
F3: =IF(B3="","",F2+IF(B3="Masuk",E3,-E3)) | H3: Total Pemasukan | I3: =SUMIF(B2:B201,"Masuk",E2:E201) -> 0
F4: =IF(B4="","",F3+IF(B4="Masuk",E4,-E4)) | H4: Total Pengeluaran | I4: =SUMIF(B2:B201,"Keluar",E2:E201) -> 0
F5: =IF(B5="","",F4+IF(B5="Masuk",E5,-E5)) | H5: Saldo Bulanan | I5: =I3-I4 -> 0
F6: =IF(B6="","",F5+IF(B6="Masuk",E6,-E6))
F7: =IF(B7="","",F6+IF(B7="Masuk",E7,-E7)) | H7: Pengeluaran Terbesar | I7: =_xlfn.MAXIFS(E2:E201,B2:B201,"Keluar") -> 0
F8: =IF(B8="","",F7+IF(B8="Masuk",E8,-E8)) | H8: Kategori Terboros | I8: =INDEX(C2:C201,MATCH(_xlfn.MAXIFS(E2:E201,B2:B201,"Keluar"),E2:E201,0)) -> #N/A
F9: =IF(B9="","",F8+IF(B9="Masuk",E9,-E9))
F10: =IF(B10="","",F9+IF(B10="Masuk",E10,-E10))
F11: =IF(B11="","",F10+IF(B11="Masuk",E11,-E11))
F12: =IF(B12="","",F11+IF(B12="Masuk",E12,-E12))
F13: =IF(B13="","",F12+IF(B13="Masuk",E13,-E13))
F14: =IF(B14="","",F13+IF(B14="Masuk",E14,-E14))
F15: =IF(B15="","",F14+IF(B15="Masuk",E15,-E15))
F16: =IF(B16="","",F15+IF(B16="Masuk",E16,-E16))
F17: =IF(B17="","",F16+IF(B17="Masuk",E17,-E17))
F18: =IF(B18="","",F17+IF(B18="Masuk",E18,-E18))
F19: =IF(B19="","",F18+IF(B19="Masuk",E19,-E19))
F20: =IF(B20="","",F19+IF(B20="Masuk",E20,-E20))
... F31: =IF(B31="","",F30+IF(B31="Masuk",E31,-E31))

Sheet April
A1: Tanggal | B1: Jenis | C1: Kategori | D1: Deskripsi | E1: Nominal | F1: Saldo Berjalan
F2: =IF(B2="Masuk",E2,-E2) -> 0 | H2: SUMMARY
F3: =IF(B3="","",F2+IF(B3="Masuk",E3,-E3)) | H3: Total Pemasukan | I3: =SUMIF(B2:B201,"Masuk",E2:E201) -> 0
F4: =IF(B4="","",F3+IF(B4="Masuk",E4,-E4)) | H4: Total Pengeluaran | I4: =SUMIF(B2:B201,"Keluar",E2:E201) -> 0
F5: =IF(B5="","",F4+IF(B5="Masuk",E5,-E5)) | H5: Saldo Bulanan | I5: =I3-I4 -> 0
F6: =IF(B6="","",F5+IF(B6="Masuk",E6,-E6))
F7: =IF(B7="","",F6+IF(B7="Masuk",E7,-E7)) | H7: Pengeluaran Terbesar | I7: =_xlfn.MAXIFS(E2:E201,B2:B201,"Keluar") -> 0
F8: =IF(B8="","",F7+IF(B8="Masuk",E8,-E8)) | H8: Kategori Terboros | I8: =INDEX(C2:C201,MATCH(_xlfn.MAXIFS(E2:E201,B2:B201,"Keluar"),E2:E201,0)) -> #N/A
F9: =IF(B9="","",F8+IF(B9="Masuk",E9,-E9))
F10: =IF(B10="","",F9+IF(B10="Masuk",E10,-E10))
F11: =IF(B11="","",F10+IF(B11="Masuk",E11,-E11))
F12: =IF(B12="","",F11+IF(B12="Masuk",E12,-E12))
F13: =IF(B13="","",F12+IF(B13="Masuk",E13,-E13))
F14: =IF(B14="","",F13+IF(B14="Masuk",E14,-E14))
F15: =IF(B15="","",F14+IF(B15="Masuk",E15,-E15))
F16: =IF(B16="","",F15+IF(B16="Masuk",E16,-E16))
F17: =IF(B17="","",F16+IF(B17="Masuk",E17,-E17))
F18: =IF(B18="","",F17+IF(B18="Masuk",E18,-E18))
F19: =IF(B19="","",F18+IF(B19="Masuk",E19,-E19))
F20: =IF(B20="","",F19+IF(B20="Masuk",E20,-E20))
... F31: =IF(B31="","",F30+IF(B31="Masuk",E31,-E31))

Sheet Mei
A1: Tanggal | B1: Jenis | C1: Kategori | D1: Deskripsi | E1: Nominal | F1: Saldo Berjalan
A2: 46155 | B2: masuk | C2: Gaji | D2: saldo seabank | E2: 6570000 | F2: =IF(B2="Masuk",E2,-E2) -> 6570000 | H2: SUMMARY
A3: 46155 | B3: keluar | C3: Makan | D3: jajan dinda margando | E3: 52700 | F3: =IF(B3="","",F2+IF(B3="Masuk",E3,-E3)) -> 6517300 | H3: Total Pemasukan | I3: =SUMIF(B2:B201,"Masuk",E2:E201) -> 6570000
A4: 46155 | B4: keluar | C4: Makan | D4: jajan rafli kopi | E4: 10000 | F4: =IF(B4="","",F3+IF(B4="Masuk",E4,-E4)) -> 6507300 | H4: Total Pengeluaran | I4: =SUMIF(B2:B201,"Keluar",E2:E201) -> 2047100
A5: 46156 | B5: keluar | C5: Nongkrong | D5: jajan tanatap cofee | E5: 292400 | F5: =IF(B5="","",F4+IF(B5="Masuk",E5,-E5)) -> 6214900 | H5: Saldo Bulanan | I5: =I3-I4 -> 4522900
A6: 46156 | B6: keluar | C6: Nongkrong | D6: jajan warkolas | E6: 58000 | F6: =IF(B6="","",F5+IF(B6="Masuk",E6,-E6)) -> 6156900
A7: 46155 | B7: keluar | C7: pulsa/kuota | D7: rafli beli kuota | E7: 20000 | F7: =IF(B7="","",F6+IF(B7="Masuk",E7,-E7)) -> 6136900 | H7: Pengeluaran Terbesar | I7: =_xlfn.MAXIFS(E2:E201,B2:B201,"Keluar") -> 1462000
A8: 46156 | B8: keluar | C8: Makan | D8: dinda jajan | E8: 39000 | F8: =IF(B8="","",F7+IF(B8="Masuk",E8,-E8)) -> 6097900 | H8: Kategori Terboros | I8: =INDEX(C2:C201,MATCH(_xlfn.MAXIFS(E2:E201,B2:B201,"Keluar"),E2:E201,0)) -> Tagihan
A9: 46156 | B9: keluar | C9: Makan | D9: rafli jajan | E9: 13000 | F9: =IF(B9="","",F8+IF(B9="Masuk",E9,-E9)) -> 6084900
A10: 46156 | B10: keluar | C10: Tagihan | D10: kredivo rafli & dinda | E10: 1462000 | F10: =IF(B10="","",F9+IF(B10="Masuk",E10,-E10)) -> 4622900
A11: 46156 | B11: keluar | C11: Lainnya | D11: dinda mines | E11: 100000 | F11: =IF(B11="","",F10+IF(B11="Masuk",E11,-E11)) -> 4522900
F12: =IF(B12="","",F11+IF(B12="Masuk",E12,-E12))
F13: =IF(B13="","",F12+IF(B13="Masuk",E13,-E13))
F14: =IF(B14="","",F13+IF(B14="Masuk",E14,-E14))
F15: =IF(B15="","",F14+IF(B15="Masuk",E15,-E15))
F16: =IF(B16="","",F15+IF(B16="Masuk",E16,-E16))
F17: =IF(B17="","",F16+IF(B17="Masuk",E17,-E17))
F18: =IF(B18="","",F17+IF(B18="Masuk",E18,-E18))
F19: =IF(B19="","",F18+IF(B19="Masuk",E19,-E19))
F20: =IF(B20="","",F19+IF(B20="Masuk",E20,-E20))
F21: =IF(B21="","",F20+IF(B21="Masuk",E21,-E21))
F22: =IF(B22="","",F21+IF(B22="Masuk",E22,-E22))
F23: =IF(B23="","",F22+IF(B23="Masuk",E23,-E23))
... F201: =IF(B201="","",F200+IF(B201="Masuk",E201,-E201))

Sheet Juni
A1: Tanggal | B1: Jenis | C1: Kategori | D1: Deskripsi | E1: Nominal | F1: Saldo Berjalan
F2: =IF(B2="Masuk",E2,-E2) -> 0 | H2: SUMMARY
F3: =IF(B3="","",F2+IF(B3="Masuk",E3,-E3)) | H3: Total Pemasukan | I3: =SUMIF(B2:B201,"Masuk",E2:E201) -> 0
F4: =IF(B4="","",F3+IF(B4="Masuk",E4,-E4)) | H4: Total Pengeluaran | I4: =SUMIF(B2:B201,"Keluar",E2:E201) -> 0
F5: =IF(B5="","",F4+IF(B5="Masuk",E5,-E5)) | H5: Saldo Bulanan | I5: =I3-I4 -> 0
F6: =IF(B6="","",F5+IF(B6="Masuk",E6,-E6))
F7: =IF(B7="","",F6+IF(B7="Masuk",E7,-E7)) | H7: Pengeluaran Terbesar | I7: =_xlfn.MAXIFS(E2:E201,B2:B201,"Keluar") -> 0
F8: =IF(B8="","",F7+IF(B8="Masuk",E8,-E8)) | H8: Kategori Terboros | I8: =INDEX(C2:C201,MATCH(_xlfn.MAXIFS(E2:E201,B2:B201,"Keluar"),E2:E201,0)) -> #N/A
F9: =IF(B9="","",F8+IF(B9="Masuk",E9,-E9))
F10: =IF(B10="","",F9+IF(B10="Masuk",E10,-E10))
F11: =IF(B11="","",F10+IF(B11="Masuk",E11,-E11))
F12: =IF(B12="","",F11+IF(B12="Masuk",E12,-E12))
F13: =IF(B13="","",F12+IF(B13="Masuk",E13,-E13))
F14: =IF(B14="","",F13+IF(B14="Masuk",E14,-E14))
F15: =IF(B15="","",F14+IF(B15="Masuk",E15,-E15))
F16: =IF(B16="","",F15+IF(B16="Masuk",E16,-E16))
F17: =IF(B17="","",F16+IF(B17="Masuk",E17,-E17))
F18: =IF(B18="","",F17+IF(B18="Masuk",E18,-E18))
F19: =IF(B19="","",F18+IF(B19="Masuk",E19,-E19))
F20: =IF(B20="","",F19+IF(B20="Masuk",E20,-E20))
... F31: =IF(B31="","",F30+IF(B31="Masuk",E31,-E31))

Sheet Juli
A1: Tanggal | B1: Jenis | C1: Kategori | D1: Deskripsi | E1: Nominal | F1: Saldo Berjalan
F2: =IF(B2="Masuk",E2,-E2) -> 0 | H2: SUMMARY
F3: =IF(B3="","",F2+IF(B3="Masuk",E3,-E3)) | H3: Total Pemasukan | I3: =SUMIF(B2:B201,"Masuk",E2:E201) -> 0
F4: =IF(B4="","",F3+IF(B4="Masuk",E4,-E4)) | H4: Total Pengeluaran | I4: =SUMIF(B2:B201,"Keluar",E2:E201) -> 0
F5: =IF(B5="","",F4+IF(B5="Masuk",E5,-E5)) | H5: Saldo Bulanan | I5: =I3-I4 -> 0
F6: =IF(B6="","",F5+IF(B6="Masuk",E6,-E6))
F7: =IF(B7="","",F6+IF(B7="Masuk",E7,-E7)) | H7: Pengeluaran Terbesar | I7: =_xlfn.MAXIFS(E2:E201,B2:B201,"Keluar") -> 0
F8: =IF(B8="","",F7+IF(B8="Masuk",E8,-E8)) | H8: Kategori Terboros | I8: =INDEX(C2:C201,MATCH(_xlfn.MAXIFS(E2:E201,B2:B201,"Keluar"),E2:E201,0)) -> #N/A
F9: =IF(B9="","",F8+IF(B9="Masuk",E9,-E9))
F10: =IF(B10="","",F9+IF(B10="Masuk",E10,-E10))
F11: =IF(B11="","",F10+IF(B11="Masuk",E11,-E11))
F12: =IF(B12="","",F11+IF(B12="Masuk",E12,-E12))
F13: =IF(B13="","",F12+IF(B13="Masuk",E13,-E13))
F14: =IF(B14="","",F13+IF(B14="Masuk",E14,-E14))
F15: =IF(B15="","",F14+IF(B15="Masuk",E15,-E15))
F16: =IF(B16="","",F15+IF(B16="Masuk",E16,-E16))
F17: =IF(B17="","",F16+IF(B17="Masuk",E17,-E17))
F18: =IF(B18="","",F17+IF(B18="Masuk",E18,-E18))
F19: =IF(B19="","",F18+IF(B19="Masuk",E19,-E19))
F20: =IF(B20="","",F19+IF(B20="Masuk",E20,-E20))
... F31: =IF(B31="","",F30+IF(B31="Masuk",E31,-E31))

Sheet Agustus
A1: Tanggal | B1: Jenis | C1: Kategori | D1: Deskripsi | E1: Nominal | F1: Saldo Berjalan
F2: =IF(B2="Masuk",E2,-E2) -> 0 | H2: SUMMARY
F3: =IF(B3="","",F2+IF(B3="Masuk",E3,-E3)) | H3: Total Pemasukan | I3: =SUMIF(B2:B201,"Masuk",E2:E201) -> 0
F4: =IF(B4="","",F3+IF(B4="Masuk",E4,-E4)) | H4: Total Pengeluaran | I4: =SUMIF(B2:B201,"Keluar",E2:E201) -> 0
F5: =IF(B5="","",F4+IF(B5="Masuk",E5,-E5)) | H5: Saldo Bulanan | I5: =I3-I4 -> 0
F6: =IF(B6="","",F5+IF(B6="Masuk",E6,-E6))
F7: =IF(B7="","",F6+IF(B7="Masuk",E7,-E7)) | H7: Pengeluaran Terbesar | I7: =_xlfn.MAXIFS(E2:E201,B2:B201,"Keluar") -> 0
F8: =IF(B8="","",F7+IF(B8="Masuk",E8,-E8)) | H8: Kategori Terboros | I8: =INDEX(C2:C201,MATCH(_xlfn.MAXIFS(E2:E201,B2:B201,"Keluar"),E2:E201,0)) -> #N/A
F9: =IF(B9="","",F8+IF(B9="Masuk",E9,-E9))
F10: =IF(B10="","",F9+IF(B10="Masuk",E10,-E10))
F11: =IF(B11="","",F10+IF(B11="Masuk",E11,-E11))
F12: =IF(B12="","",F11+IF(B12="Masuk",E12,-E12))
F13: =IF(B13="","",F12+IF(B13="Masuk",E13,-E13))
F14: =IF(B14="","",F13+IF(B14="Masuk",E14,-E14))
F15: =IF(B15="","",F14+IF(B15="Masuk",E15,-E15))
F16: =IF(B16="","",F15+IF(B16="Masuk",E16,-E16))
F17: =IF(B17="","",F16+IF(B17="Masuk",E17,-E17))
F18: =IF(B18="","",F17+IF(B18="Masuk",E18,-E18))
F19: =IF(B19="","",F18+IF(B19="Masuk",E19,-E19))
F20: =IF(B20="","",F19+IF(B20="Masuk",E20,-E20))
... F31: =IF(B31="","",F30+IF(B31="Masuk",E31,-E31))

Sheet September
A1: Tanggal | B1: Jenis | C1: Kategori | D1: Deskripsi | E1: Nominal | F1: Saldo Berjalan
F2: =IF(B2="Masuk",E2,-E2) -> 0 | H2: SUMMARY
F3: =IF(B3="","",F2+IF(B3="Masuk",E3,-E3)) | H3: Total Pemasukan | I3: =SUMIF(B2:B201,"Masuk",E2:E201) -> 0
F4: =IF(B4="","",F3+IF(B4="Masuk",E4,-E4)) | H4: Total Pengeluaran | I4: =SUMIF(B2:B201,"Keluar",E2:E201) -> 0
F5: =IF(B5="","",F4+IF(B5="Masuk",E5,-E5)) | H5: Saldo Bulanan | I5: =I3-I4 -> 0
F6: =IF(B6="","",F5+IF(B6="Masuk",E6,-E6))
F7: =IF(B7="","",F6+IF(B7="Masuk",E7,-E7)) | H7: Pengeluaran Terbesar | I7: =_xlfn.MAXIFS(E2:E201,B2:B201,"Keluar") -> 0
F8: =IF(B8="","",F7+IF(B8="Masuk",E8,-E8)) | H8: Kategori Terboros | I8: =INDEX(C2:C201,MATCH(_xlfn.MAXIFS(E2:E201,B2:B201,"Keluar"),E2:E201,0)) -> #N/A
F9: =IF(B9="","",F8+IF(B9="Masuk",E9,-E9))
F10: =IF(B10="","",F9+IF(B10="Masuk",E10,-E10))
F11: =IF(B11="","",F10+IF(B11="Masuk",E11,-E11))
F12: =IF(B12="","",F11+IF(B12="Masuk",E12,-E12))
F13: =IF(B13="","",F12+IF(B13="Masuk",E13,-E13))
F14: =IF(B14="","",F13+IF(B14="Masuk",E14,-E14))
F15: =IF(B15="","",F14+IF(B15="Masuk",E15,-E15))
F16: =IF(B16="","",F15+IF(B16="Masuk",E16,-E16))
F17: =IF(B17="","",F16+IF(B17="Masuk",E17,-E17))
F18: =IF(B18="","",F17+IF(B18="Masuk",E18,-E18))
F19: =IF(B19="","",F18+IF(B19="Masuk",E19,-E19))
F20: =IF(B20="","",F19+IF(B20="Masuk",E20,-E20))
... F31: =IF(B31="","",F30+IF(B31="Masuk",E31,-E31))

Sheet Oktober
A1: Tanggal | B1: Jenis | C1: Kategori | D1: Deskripsi | E1: Nominal | F1: Saldo Berjalan
F2: =IF(B2="Masuk",E2,-E2) -> 0 | H2: SUMMARY
F3: =IF(B3="","",F2+IF(B3="Masuk",E3,-E3)) | H3: Total Pemasukan | I3: =SUMIF(B2:B201,"Masuk",E2:E201) -> 0
F4: =IF(B4="","",F3+IF(B4="Masuk",E4,-E4)) | H4: Total Pengeluaran | I4: =SUMIF(B2:B201,"Keluar",E2:E201) -> 0
F5: =IF(B5="","",F4+IF(B5="Masuk",E5,-E5)) | H5: Saldo Bulanan | I5: =I3-I4 -> 0
F6: =IF(B6="","",F5+IF(B6="Masuk",E6,-E6))
F7: =IF(B7="","",F6+IF(B7="Masuk",E7,-E7)) | H7: Pengeluaran Terbesar | I7: =_xlfn.MAXIFS(E2:E201,B2:B201,"Keluar") -> 0
F8: =IF(B8="","",F7+IF(B8="Masuk",E8,-E8)) | H8: Kategori Terboros | I8: =INDEX(C2:C201,MATCH(_xlfn.MAXIFS(E2:E201,B2:B201,"Keluar"),E2:E201,0)) -> #N/A
F9: =IF(B9="","",F8+IF(B9="Masuk",E9,-E9))
F10: =IF(B10="","",F9+IF(B10="Masuk",E10,-E10))
F11: =IF(B11="","",F10+IF(B11="Masuk",E11,-E11))
F12: =IF(B12="","",F11+IF(B12="Masuk",E12,-E12))
F13: =IF(B13="","",F12+IF(B13="Masuk",E13,-E13))
F14: =IF(B14="","",F13+IF(B14="Masuk",E14,-E14))
F15: =IF(B15="","",F14+IF(B15="Masuk",E15,-E15))
F16: =IF(B16="","",F15+IF(B16="Masuk",E16,-E16))
F17: =IF(B17="","",F16+IF(B17="Masuk",E17,-E17))
F18: =IF(B18="","",F17+IF(B18="Masuk",E18,-E18))
F19: =IF(B19="","",F18+IF(B19="Masuk",E19,-E19))
F20: =IF(B20="","",F19+IF(B20="Masuk",E20,-E20))
... F31: =IF(B31="","",F30+IF(B31="Masuk",E31,-E31))

Sheet November
A1: Tanggal | B1: Jenis | C1: Kategori | D1: Deskripsi | E1: Nominal | F1: Saldo Berjalan
F2: =IF(B2="Masuk",E2,-E2) -> 0 | H2: SUMMARY
F3: =IF(B3="","",F2+IF(B3="Masuk",E3,-E3)) | H3: Total Pemasukan | I3: =SUMIF(B2:B201,"Masuk",E2:E201) -> 0
F4: =IF(B4="","",F3+IF(B4="Masuk",E4,-E4)) | H4: Total Pengeluaran | I4: =SUMIF(B2:B201,"Keluar",E2:E201) -> 0
F5: =IF(B5="","",F4+IF(B5="Masuk",E5,-E5)) | H5: Saldo Bulanan | I5: =I3-I4 -> 0
F6: =IF(B6="","",F5+IF(B6="Masuk",E6,-E6))
F7: =IF(B7="","",F6+IF(B7="Masuk",E7,-E7)) | H7: Pengeluaran Terbesar | I7: =_xlfn.MAXIFS(E2:E201,B2:B201,"Keluar") -> 0
F8: =IF(B8="","",F7+IF(B8="Masuk",E8,-E8)) | H8: Kategori Terboros | I8: =INDEX(C2:C201,MATCH(_xlfn.MAXIFS(E2:E201,B2:B201,"Keluar"),E2:E201,0)) -> #N/A
F9: =IF(B9="","",F8+IF(B9="Masuk",E9,-E9))
F10: =IF(B10="","",F9+IF(B10="Masuk",E10,-E10))
F11: =IF(B11="","",F10+IF(B11="Masuk",E11,-E11))
F12: =IF(B12="","",F11+IF(B12="Masuk",E12,-E12))
F13: =IF(B13="","",F12+IF(B13="Masuk",E13,-E13))
F14: =IF(B14="","",F13+IF(B14="Masuk",E14,-E14))
F15: =IF(B15="","",F14+IF(B15="Masuk",E15,-E15))
F16: =IF(B16="","",F15+IF(B16="Masuk",E16,-E16))
F17: =IF(B17="","",F16+IF(B17="Masuk",E17,-E17))
F18: =IF(B18="","",F17+IF(B18="Masuk",E18,-E18))
F19: =IF(B19="","",F18+IF(B19="Masuk",E19,-E19))
F20: =IF(B20="","",F19+IF(B20="Masuk",E20,-E20))
... F31: =IF(B31="","",F30+IF(B31="Masuk",E31,-E31))

Sheet Desember
A1: Tanggal | B1: Jenis | C1: Kategori | D1: Deskripsi | E1: Nominal | F1: Saldo Berjalan
F2: =IF(B2="Masuk",E2,-E2) -> 0 | H2: SUMMARY
F3: =IF(B3="","",F2+IF(B3="Masuk",E3,-E3)) | H3: Total Pemasukan | I3: =SUMIF(B2:B201,"Masuk",E2:E201) -> 0
F4: =IF(B4="","",F3+IF(B4="Masuk",E4,-E4)) | H4: Total Pengeluaran | I4: =SUMIF(B2:B201,"Keluar",E2:E201) -> 0
F5: =IF(B5="","",F4+IF(B5="Masuk",E5,-E5)) | H5: Saldo Bulanan | I5: =I3-I4 -> 0
F6: =IF(B6="","",F5+IF(B6="Masuk",E6,-E6))
F7: =IF(B7="","",F6+IF(B7="Masuk",E7,-E7)) | H7: Pengeluaran Terbesar | I7: =_xlfn.MAXIFS(E2:E201,B2:B201,"Keluar") -> 0
F8: =IF(B8="","",F7+IF(B8="Masuk",E8,-E8)) | H8: Kategori Terboros | I8: =INDEX(C2:C201,MATCH(_xlfn.MAXIFS(E2:E201,B2:B201,"Keluar"),E2:E201,0)) -> #N/A
F9: =IF(B9="","",F8+IF(B9="Masuk",E9,-E9))
F10: =IF(B10="","",F9+IF(B10="Masuk",E10,-E10))
F11: =IF(B11="","",F10+IF(B11="Masuk",E11,-E11))
F12: =IF(B12="","",F11+IF(B12="Masuk",E12,-E12))
F13: =IF(B13="","",F12+IF(B13="Masuk",E13,-E13))
F14: =IF(B14="","",F13+IF(B14="Masuk",E14,-E14))
F15: =IF(B15="","",F14+IF(B15="Masuk",E15,-E15))
F16: =IF(B16="","",F15+IF(B16="Masuk",E16,-E16))
F17: =IF(B17="","",F16+IF(B17="Masuk",E17,-E17))
F18: =IF(B18="","",F17+IF(B18="Masuk",E18,-E18))
F19: =IF(B19="","",F18+IF(B19="Masuk",E19,-E19))
F20: =IF(B20="","",F19+IF(B20="Masuk",E20,-E20))
... F31: =IF(B31="","",F30+IF(B31="Masuk",E31,-E31))

Sheet Dashboard
A1: Dashboard Keuangan Tahunan
A3: Bulan | B3: Pemasukan | C3: Pengeluaran | D3: Saldo
A4: Januari | B4: =Januari!I3 -> 0 | C4: =Januari!I4 -> 0 | D4: =Januari!I5 -> 0
A5: Februari | B5: =Februari!I3 -> 0 | C5: =Februari!I4 -> 0 | D5: =Februari!I5 -> 0
A6: Maret | B6: =Maret!I3 -> 0 | C6: =Maret!I4 -> 0 | D6: =Maret!I5 -> 0
A7: April | B7: =April!I3 -> 0 | C7: =April!I4 -> 0 | D7: =April!I5 -> 0
A8: Mei | B8: =Mei!I3 -> 6570000 | C8: =Mei!I4 -> 2047100 | D8: =Mei!I5 -> 4522900
A9: Juni | B9: =Juni!I3 -> 0 | C9: =Juni!I4 -> 0 | D9: =Juni!I5 -> 0
A10: Juli | B10: =Juli!I3 -> 0 | C10: =Juli!I4 -> 0 | D10: =Juli!I5 -> 0
A11: Agustus | B11: =Agustus!I3 -> 0 | C11: =Agustus!I4 -> 0 | D11: =Agustus!I5 -> 0
A12: September | B12: =September!I3 -> 0 | C12: =September!I4 -> 0 | D12: =September!I5 -> 0
A13: Oktober | B13: =Oktober!I3 -> 0 | C13: =Oktober!I4 -> 0 | D13: =Oktober!I5 -> 0
A14: November | B14: =November!I3 -> 0 | C14: =November!I4 -> 0 | D14: =November!I5 -> 0
A15: Desember | B15: =Desember!I3 -> 0 | C15: =Desember!I4 -> 0 | D15: =Desember!I5 -> 0

Sheet Tabungan nikah
A1: NIKAH 2028 AMIINNN
A3: BULAN | B3: SALDO
A4: Januari | B4: =SUMIF(Januari!C:C,"Tabungan",Januari!E:E) -> 0
A5: Februari | B5: =SUMIF(Februari!C:C,"Tabungan",Februari!E:E) -> 0
A6: Maret | B6: =SUMIF(Maret!C:C,"Tabungan",Maret!E:E) -> 0
A7: April | B7: =SUMIF(April!C:C,"Tabungan",April!E:E) -> 0
A8: Mei | B8: =SUMIF(Mei!C:C,"Tabungan",Mei!E:E) -> 0
A9: Juni | B9: =SUMIF(Juni!C:C,"Tabungan",Juni!E:E) -> 0
A10: Juli | B10: =SUMIF(Juli!C:C,"Tabungan",Juli!E:E) -> 0
A11: Agustus | B11: =SUMIF(Agustus!C:C,"Tabungan",Agustus!E:E) -> 0
A12: September | B12: =SUMIF(September!C:C,"Tabungan",September!E:E) -> 0
A13: Oktober | B13: =SUMIF(Oktober!C:C,"Tabungan",Oktober!E:E) -> 0
A14: November | B14: =SUMIF(November!C:C,"Tabungan",November!E:E) -> 0
A15: Desember | B15: =SUMIF(Desember!C:C,"Tabungan",Desember!E:E) -> 0
A16: TOTAL SALDO | B16: =SUM(B4:B15) -> 0
